{"stats":{"minecraft:used":{"minecraft:andesite_wall":102,"minecraft:redstone_torch":1,"minecraft:water_bucket":359,"minecraft:lever":3,"minecraft:stone_brick_slab":5,"minecraft:chiseled_stone_bricks":47,"minecraft:torch":4,"minecraft:command_block":6,"minecraft:cyan_stained_glass_pane":1,"minecraft:lantern":22,"minecraft:polished_andesite":8,"minecraft:cobblestone_wall":67,"minecraft:polished_andesite_stairs":168,"minecraft:stone_stairs":97,"minecraft:andesite_slab":5,"minecraft:smooth_stone_slab":60,"minecraft:stone_slab":117,"minecraft:stone":193,"minecraft:stone_brick_wall":74,"minecraft:light_blue_stained_glass":32,"minecraft:player_head":7,"minecraft:clay":18,"minecraft:stone_brick_stairs":10,"minecraft:polished_andesite_slab":93,"minecraft:stone_bricks":29},"minecraft:dropped":{"minecraft:light_blue_stained_glass":1},"minecraft:picked_up":{"minecraft:light_blue_stained_glass":1},"minecraft:custom":{"minecraft:time_since_rest":63718,"minecraft:play_one_minute":63718,"minecraft:crouch_one_cm":2548,"minecraft:sprint_one_cm":6401,"minecraft:walk_one_cm":28180,"minecraft:sneak_time":2547,"minecraft:walk_under_water_one_cm":18496,"minecraft:drop":1,"minecraft:jump":132,"minecraft:leave_game":1,"minecraft:walk_on_water_one_cm":61790,"minecraft:time_since_death":63718,"minecraft:fly_one_cm":621031}},"DataVersion":1952}